ID,Description,GeneRatio,BgRatio,pvalue,p.adjust,qvalue,geneID,Count
GO:0000166,nucleotide binding,100/2797,399/18215,2.4520291286265e-07,0.000122846659344188,0.000117439289844743,g19570/g20000/g20132/g20420/g21379/g21512/g24140/g24168/g24367/g24778/g25003/g25958/g26022/g38311/g38406/g39293/g39715/g39732/g16805/g12061/g12609/g12967/g34424/g34638/g34856/g34857/g34972/g35134/g35168/g35271/g35725/g35916/g27766/g33104/g33245/g33495/g22306/g22354/g22462/g22526/g22954/g40078/g40297/g40755/g40780/g40845/g40858/g40979/g41107/g41321/g41821/g41978/g36639/g36641/g37461/g37601/g37784/g4116/g4457/g14100/g14628/g14981/g15034/g15156/g15342/g6917/g7154/g7208/g7332/g7499/g8067/g17884/g18081/g18381/g18766/g856/g876/g8621/g10068/g10598/g10834/g11046/g5231/g5452/g5487/g6228/g6327/g6539/g30679/g30778/g31013/g31250/g31392/g29647/g30019/g30157/g28405/g2731/g2882/g3215,100
GO:0007169,transmembrane receptor protein tyrosine kinase signaling pathway,20/2797,59/18215,0.000322772924967298,0.0559254205956024,0.0534637385670745,g38614/g39501/g15893/g11787/g12492/g34967/g35960/g27315/g23058/g40792/g41950/g36759/g4362/g4370/g4403/g662/g8558/g11107/g31343/g2201,20
GO:0009982,pseudouridine synthase activity,8/2797,14/18215,0.000384246928826728,0.0559254205956024,0.0534637385670745,g19883/g20704/g21310/g25902/g35009/g35084/g35395/g8620,8
GO:0006396,RNA processing,19/2797,57/18215,0.000573567452404391,0.0559254205956024,0.0534637385670745,g19249/g19346/g20704/g21002/g24526/g25012/g39715/g12991/g35009/g27264/g33495/g40540/g7499/g222/g8607/g8859/g10629/g30019/g28405,19
GO:0009451,RNA modification,8/2797,15/18215,0.000712649619370219,0.0559254205956024,0.0534637385670745,g19883/g20704/g21310/g25902/g35009/g35084/g35395/g8620,8
GO:0000413,protein peptidyl-prolyl isomerization,10/2797,22/18215,0.000781393102134165,0.0559254205956024,0.0534637385670745,g19570/g39804/g11615/g12022/g35028/g17799/g9222/g9223/g11046/g31111,10
GO:0003755,peptidyl-prolyl cis-trans isomerase activity,10/2797,22/18215,0.000781393102134165,0.0559254205956024,0.0534637385670745,g19570/g39804/g11615/g12022/g35028/g17799/g9222/g9223/g11046/g31111,10
GO:0008092,cytoskeletal protein binding,13/2797,34/18215,0.000989528125687834,0.0619691988712006,0.0592414864721006,g15935/g32796/g33802/g33973/g41145/g17997/g10428/g10429/g10999/g5397/g5398/g5406/g5408,13
GO:0001522,pseudouridine synthesis,8/2797,16/18215,0.00123404527843262,0.0686951871660827,0.06567141540197,g19883/g20704/g21310/g25902/g35009/g35084/g35395/g8620,8
GO:0006816,calcium ion transport,17/2797,54/18215,0.00222352059320934,0.0980212512353282,0.0937066274021942,g38251/g38252/g38253/g35658/g35659/g37391/g37392/g37393/g37394/g37395/g37396/g37397/g15031/g17470/g8621/g28360/g2020,17
GO:0005003,ephrin receptor activity,9/2797,21/18215,0.00237036226629461,0.0980212512353282,0.0937066274021942,g38614/g35960/g27315/g40792/g36759/g4362/g4370/g8558/g11107,9
GO:0005488,binding,80/2797,385/18215,0.00247385016416642,0.0980212512353282,0.0937066274021942,g19268/g19362/g19369/g20779/g21480/g21879/g24758/g24922/g25193/g25583/g38253/g38704/g39670/g16098/g16412/g16793/g17024/g11753/g12004/g12279/g12432/g13265/g34449/g35328/g26378/g26379/g27566/g27695/g27790/g32887/g33894/g33959/g34172/g22622/g40759/g41121/g41472/g41762/g41814/g36407/g36429/g37187/g37190/g37514/g3519/g4148/g4464/g4800/g13845/g13961/g14746/g14894/g7037/g7526/g18678/g18931/g418/g722/g1459/g8975/g9126/g9324/g9377/g9802/g11183/g11267/g11442/g5147/g5992/g5993/g30801/g31230/g31518/g32002/g28353/g28645/g28948/g1922/g1943/g2877,80
GO:0008033,tRNA processing,10/2797,25/18215,0.0025434656009167,0.0980212512353282,0.0937066274021942,g19357/g24271/g34619/g22431/g40503/g37956/g14433/g7417/g681/g6577,10
GO:0008168,methyltransferase activity,22/2797,80/18215,0.00374733564216535,0.127786010043401,0.122161224014597,g24196/g25230/g34712/g26646/g32894/g34174/g34175/g22450/g23228/g40339/g37768/g3892/g3928/g4431/g18723/g222/g10993/g27960/g27969/g28115/g28702/g2312,22
GO:0005874,microtubule,16/2797,52/18215,0.0038259284444132,0.127786010043401,0.122161224014597,g20405/g24796/g38536/g16229/g16483/g27058/g33090/g23664/g4415/g14723/g9071/g5558/g5787/g32309/g2074/g2075,16
GO:0000398,mRNA splicing, via spliceosome,10/2797,27/18215,0.00490203960188168,0.145412803572568,0.139012134941734,g25630/g36002/g34330/g22354/g41978/g37353/g7590/g7809/g11310/g5865,10
GO:0016592,mediator complex,9/2797,23/18215,0.00493416698749232,0.145412803572568,0.139012134941734,g12866/g33177/g41204/g37870/g3774/g14037/g31472/g31892/g28893,9
GO:0003723,RNA binding,54/2797,256/18215,0.00838450291392459,0.233368664437568,0.223096422563491,g19570/g19883/g20704/g21310/g21828/g24271/g25065/g25728/g25902/g39293/g12609/g12991/g34424/g34539/g35009/g35084/g35271/g35395/g26650/g27264/g27695/g33495/g34174/g22354/g22408/g22625/g23722/g40297/g40503/g40979/g41978/g36405/g36639/g37192/g37353/g14628/g7499/g7748/g7809/g17472/g18269/g222/g472/g8607/g8620/g8663/g8667/g9919/g5865/g6507/g6709/g31392/g30019/g28405,54
GO:0000155,phosphorelay sensor kinase activity,5/2797,10/18215,0.0108960111940679,0.248131891283092,0.237209813076598,g20675/g25540/g14147/g17551/g2022,5
GO:0000160,phosphorelay signal transduction system,5/2797,10/18215,0.0108960111940679,0.248131891283092,0.237209813076598,g20675/g25540/g14147/g17551/g2022,5
GO:0004407,histone deacetylase activity,5/2797,10/18215,0.0108960111940679,0.248131891283092,0.237209813076598,g38757/g23178/g4240/g11081/g28987,5
GO:0016575,histone deacetylation,5/2797,10/18215,0.0108960111940679,0.248131891283092,0.237209813076598,g38757/g23178/g4240/g11081/g28987,5
GO:0051539,4 iron, 4 sulfur cluster binding,6/2797,14/18215,0.0128775015519279,0.280505577283298,0.268158499136255,g26025/g41708/g13921/g999/g6604/g31463,6
GO:0004518,nuclease activity,8/2797,23/18215,0.0173303570780402,0.36177120400409,0.345847038180189,g16923/g34422/g36592/g36607/g18356/g966/g29694/g28042,8
GO:0004707,MAP kinase activity,7/2797,19/18215,0.0184012422851473,0.368760895394352,0.35252906272598,g21475/g38697/g12025/g37179/g712/g1026/g8973,7
GO:0045202,synapse,6/2797,16/18215,0.0261396388919383,0.461801999039136,0.441474754833086,g21569/g38481/g15845/g35051/g26684/g26685,6
GO:0004143,diacylglycerol kinase activity,5/2797,12/18215,0.0262385599252157,0.461801999039136,0.441474754833086,g21132/g24506/g16976/g3548/g30746,5
GO:0007205,protein kinase C-activating G protein-coupled receptor signaling pathway,5/2797,12/18215,0.0262385599252157,0.461801999039136,0.441474754833086,g21132/g24506/g16976/g3548/g30746,5
GO:0005737,cytoplasm,70/2797,365/18215,0.0267310538365967,0.461801999039136,0.441474754833086,g19665/g20836/g20839/g24140/g24450/g24922/g38820/g38993/g39236/g15521/g15589/g15935/g16404/g16576/g16805/g16985/g12715/g34856/g34857/g35041/g35594/g35992/g27365/g27766/g32916/g33141/g33495/g33622/g33802/g33973/g22408/g23178/g23802/g40858/g41145/g41424/g41426/g36652/g37009/g37461/g13845/g14252/g17448/g17747/g17805/g17809/g18120/g18458/g18665/g211/g546/g9180/g9375/g9377/g10245/g10428/g10715/g10999/g11293/g5457/g5461/g5992/g6799/g31016/g31392/g29641/g30236/g30255/g28499/g2323,70
GO:0006281,DNA repair,26/2797,116/18215,0.0277273602732517,0.463046916563303,0.442664874537878,g24757/g24874/g24940/g39194/g15599/g15676/g16059/g16460/g12290/g35158/g27397/g34002/g23463/g23867/g41708/g41979/g4430/g14557/g8294/g18077/g18356/g688/g966/g8568/g31465/g29694,26
GO:0006457,protein folding,17/2797,69/18215,0.0294359602061529,0.474307082418996,0.453429399097895,g19570/g21073/g25273/g38211/g39804/g11615/g12022/g35028/g15316/g7389/g17799/g9222/g9223/g10344/g11046/g30752/g31111,17
GO:0008017,microtubule binding,28/2797,128/18215,0.0309495691163254,0.474307082418996,0.453429399097895,g39694/g39829/g16112/g16120/g16483/g34824/g35381/g26572/g27128/g27151/g23461/g23664/g41121/g41891/g3676/g8391/g18161/g688/g1267/g9071/g10456/g5517/g5519/g5520/g5561/g2507/g2983/g3009,28
GO:0005540,hyaluronic acid binding,7/2797,21/18215,0.0321885045953011,0.474307082418996,0.453429399097895,g21003/g16479/g16480/g34445/g3539/g6361/g1868,7
GO:0018024,histone-lysine N-methyltransferase activity,7/2797,21/18215,0.0321885045953011,0.474307082418996,0.453429399097895,g20589/g12306/g13428/g35660/g6642/g1603/g1821,7
GO:0008080,N-acetyltransferase activity,10/2797,35/18215,0.033596165301528,0.477632063539135,0.456608023763644,g20484/g26139/g39549/g7463/g18092/g10628/g30409/g28655/g28713/g28887,10
GO:0005158,insulin receptor binding,6/2797,17/18215,0.0352768422025048,0.477632063539135,0.456608023763644,g24607/g17271/g7551/g10202/g28771/g28972,6
GO:0006325,chromatin organization,6/2797,17/18215,0.0352768422025048,0.477632063539135,0.456608023763644,g38757/g16046/g22268/g23178/g4240/g4543,6
GO:0003899,DNA-directed 5'-3' RNA polymerase activity,8/2797,26/18215,0.036227581665643,0.477632063539135,0.456608023763644,g25147/g15637/g17111/g12889/g34082/g41574/g1222/g31979,8
GO:0000122,negative regulation of transcription by RNA polymerase II,5/2797,13/18215,0.0373617754626558,0.479955115558732,0.458828821471211,g38211/g26729/g33113/g14252/g5531,5
GO:0004714,transmembrane receptor protein tyrosine kinase activity,10/2797,36/18215,0.0403248451503471,0.490675129250864,0.469076969868984,g39501/g15893/g11787/g12492/g34967/g23058/g41950/g4403/g662/g31343,10
GO:0005200,structural constituent of cytoskeleton,10/2797,36/18215,0.0403248451503471,0.490675129250864,0.469076969868984,g24796/g16229/g27058/g33090/g4415/g14723/g18595/g5558/g2074/g2075,10
GO:0004890,GABA-A receptor activity,7/2797,22/18215,0.0411344419731263,0.490675129250864,0.469076969868984,g19152/g19170/g7116/g7117/g7692/g7694/g2620,7
GO:0005887,integral component of plasma membrane,31/2797,149/18215,0.045084584815372,0.508643050430057,0.48625399295236,g21045/g21192/g38614/g39618/g12492/g12660/g34510/g35138/g35960/g27315/g27701/g27904/g22200/g23163/g40792/g36759/g37463/g4370/g8353/g8558/g8968/g9521/g9636/g10814/g11107/g31008/g31430/g31908/g29518/g28272/g2864,31
GO:0007017,microtubule-based process,10/2797,37/18215,0.0479209975043837,0.508643050430057,0.48625399295236,g24796/g16229/g12290/g27058/g33090/g4415/g14723/g5558/g2074/g2075,10
GO:0006397,mRNA processing,11/2797,42/18215,0.0482085312420991,0.508643050430057,0.48625399295236,g19562/g20420/g39293/g12582/g34424/g34330/g22408/g41291/g36639/g3889/g10828,11
GO:0003824,catalytic activity,89/2797,490/18215,0.0483612664675603,0.508643050430057,0.48625399295236,g19562/g19861/g20473/g20763/g21451/g21540/g21713/g24737/g24757/g26077/g39194/g39222/g39462/g39715/g39742/g39857/g16587/g12213/g12359/g12852/g13004/g34809/g35390/g35851/g35906/g26645/g27192/g27334/g27871/g33444/g34360/g22337/g22621/g22720/g40540/g41437/g41708/g36534/g36628/g36630/g36735/g37956/g3775/g4841/g13831/g14616/g14863/g15115/g15233/g7030/g7213/g17444/g17587/g18094/g18096/g18356/g18941/g330/g359/g546/g904/g1236/g8756/g8845/g8859/g9251/g9437/g9466/g9471/g9916/g10204/g10479/g10660/g10868/g11512/g5825/g6577/g31224/g31446/g31609/g32282/g29694/g30223/g30418/g28385/g28388/g28717/g2148/g2711,89
GO:0007269,neurotransmitter secretion,5/2797,14/18215,0.0509641498575046,0.508643050430057,0.48625399295236,g21455/g39222/g15882/g13004/g34869,5
GO:0016043,cellular component organization,5/2797,14/18215,0.0509641498575046,0.508643050430057,0.48625399295236,g19369/g4464/g31230/g31518/g1922,5
GO:0016818,hydrolase activity, acting on acid anhydrides, in phosphorus-containing anhydrides,5/2797,14/18215,0.0509641498575046,0.508643050430057,0.48625399295236,g20204/g15877/g35947/g34147/g10954,5
GO:0032259,methylation,5/2797,14/18215,0.0509641498575046,0.508643050430057,0.48625399295236,g32894/g40339/g3892/g3928/g2312,5
GO:0006368,transcription elongation from RNA polymerase II promoter,4/2797,10/18215,0.0538085462530799,0.508643050430057,0.48625399295236,g35488/g27516/g22331/g37641,4
GO:0034968,histone lysine methylation,4/2797,10/18215,0.0538085462530799,0.508643050430057,0.48625399295236,g13428/g35660/g1603/g1821,4
GO:0045010,actin nucleation,4/2797,10/18215,0.0538085462530799,0.508643050430057,0.48625399295236,g17097/g11655/g32540/g1267,4
GO:0006629,lipid metabolic process,24/2797,113/18215,0.0581981079514477,0.539949112660654,0.516182049082041,g38993/g12213/g12417/g13496/g26876/g33472/g41424/g36621/g3715/g3933/g14004/g14143/g18120/g18320/g616/g1056/g8628/g8768/g9547/g10245/g29641/g29772/g30395/g28361,24
GO:0016301,kinase activity,15/2797,65/18215,0.065080890181908,0.592827745111562,0.566733110674989,g21132/g21678/g21879/g24506/g24949/g15523/g16810/g16976/g40759/g36652/g3548/g9324/g6795/g30746/g28645,15
GO:0060271,cilium assembly,5/2797,15/18215,0.0670862630309738,0.600182460330677,0.573764091712276,g21926/g33962/g14997/g9891/g29445,5
GO:0048786,presynaptic active zone,6/2797,20/18215,0.0738434118615528,0.633195466295238,0.605323956643205,g38481/g15844/g15845/g35051/g35053/g35860,6
GO:0000186,activation of MAPKK activity,4/2797,11/18215,0.0745679291645091,0.633195466295238,0.605323956643205,g27317/g23673/g4441/g5627,4
GO:0007416,synapse assembly,4/2797,11/18215,0.0745679291645091,0.633195466295238,0.605323956643205,g38481/g15844/g15845/g35051,4
GO:0071526,semaphorin-plexin signaling pathway,7/2797,25/18215,0.076943685029651,0.642479769997586,0.614199591026162,g21367/g21529/g38227/g38762/g38765/g38775/g35432,7
GO:0006351,transcription, DNA-templated,16/2797,73/18215,0.0856607699194184,0.670857512829519,0.641328224261858,g19733/g25147/g39259/g15637/g17111/g12761/g26787/g27540/g33694/g34082/g41574/g14607/g7037/g8166/g5815/g31979,16
GO:0005681,spliceosomal complex,5/2797,16/18215,0.0856983649123538,0.670857512829519,0.641328224261858,g19365/g34972/g35168/g7590/g5865,5
GO:0006289,nucleotide-excision repair,5/2797,16/18215,0.0856983649123538,0.670857512829519,0.641328224261858,g16001/g12535/g8923/g10465/g5793,5
GO:0030173,integral component of Golgi membrane,5/2797,16/18215,0.0856983649123538,0.670857512829519,0.641328224261858,g21550/g24358/g12184/g1331/g5906,5
GO:0008021,synaptic vesicle,6/2797,21/18215,0.0905053747680534,0.677603280902218,0.64777706231854,g21455/g39222/g15882/g13004/g13349/g34869,6
GO:0005262,calcium channel activity,7/2797,26/18215,0.0919443546900749,0.677603280902218,0.64777706231854,g38252/g38253/g35659/g41206/g37394/g37397/g30017,7
GO:0007156,homophilic cell adhesion via plasma membrane adhesion molecules,23/2797,113/18215,0.0921471297715622,0.677603280902218,0.64777706231854,g21046/g25134/g38504/g39688/g15822/g12250/g26253/g27059/g27691/g33310/g23648/g41254/g37140/g37143/g18865/g455/g30802/g30862/g31524/g31525/g31556/g30185/g28730,23
GO:0005856,cytoskeleton,24/2797,119/18215,0.0942741713019421,0.677603280902218,0.64777706231854,g20127/g24848/g25859/g15935/g16112/g16120/g32796/g33802/g33973/g41145/g41290/g17997/g18245/g18704/g9851/g10428/g10429/g10999/g5397/g5398/g5406/g5408/g5519/g29006,24
GO:0005215,transporter activity,45/2797,242/18215,0.0960146616870563,0.677603280902218,0.64777706231854,g20546/g21639/g24892/g38837/g39291/g16198/g16404/g16510/g16992/g11745/g11835/g12031/g12669/g12731/g13113/g34636/g35254/g35996/g26254/g26952/g33503/g34077/g22284/g36615/g37954/g4188/g4664/g13795/g13997/g7033/g951/g9205/g9463/g10690/g10693/g10715/g6350/g6540/g6646/g6736/g31419/g32101/g29518/g29772/g30241,45
GO:0004713,protein tyrosine kinase activity,22/2797,108/18215,0.0971540016753841,0.677603280902218,0.64777706231854,g38434/g38614/g15893/g11787/g12492/g34967/g35960/g27315/g27596/g23058/g40792/g41950/g36759/g4370/g4403/g662/g8558/g9764/g11107/g31343/g28495/g2201,22
GO:0001664,G protein-coupled receptor binding,4/2797,12/18215,0.0987326137841556,0.677603280902218,0.64777706231854,g20171/g24736/g41803/g14816,4
GO:0006974,cellular response to DNA damage stimulus,4/2797,12/18215,0.0987326137841556,0.677603280902218,0.64777706231854,g34002/g23881/g15234/g8568,4
GO:0034993,meiotic nuclear membrane microtubule tethering complex,4/2797,12/18215,0.0987326137841556,0.677603280902218,0.64777706231854,g10469/g10471/g10472/g10473,4
GO:0017154,semaphorin receptor activity,7/2797,27/18215,0.108453998196102,0.718667852074233,0.687034084869789,g21367/g21529/g38227/g38762/g38765/g38775/g35432,7
GO:0046854,phosphatidylinositol phosphorylation,7/2797,27/18215,0.108453998196102,0.718667852074233,0.687034084869789,g21879/g12279/g27765/g40759/g9324/g6795/g28645,7
GO:0043547,positive regulation of GTPase activity,6/2797,22/18215,0.109019474566151,0.718667852074233,0.687034084869789,g24758/g35757/g41934/g37187/g37190/g8827,6
GO:0006470,protein dephosphorylation,27/2797,139/18215,0.113678290541401,0.73964705923691,0.707089845472831,g19861/g21064/g21486/g21713/g25153/g38229/g16623/g12898/g34852/g34997/g33706/g33973/g22854/g36534/g7030/g7683/g8326/g18757/g310/g8717/g9343/g10486/g10789/g10828/g10845/g11293/g5374,27
GO:0016311,dephosphorylation,24/2797,122/18215,0.116836398301291,0.750449173704446,0.7174164807974,g21064/g21486/g25153/g38229/g16623/g12898/g13255/g34852/g34997/g33706/g33973/g22854/g7683/g18757/g310/g8717/g9343/g10486/g10789/g10828/g10845/g5374/g29749/g28889,24
GO:0005739,mitochondrion,11/2797,49/18215,0.121247531864431,0.768924221064303,0.735078307772366,g19357/g24940/g16011/g16919/g12515/g27794/g22431/g37192/g13795/g18092/g6661,11
GO:0005635,nuclear envelope,4/2797,13/18215,0.126008541927045,0.779386166733942,0.745079747586813,g10469/g10471/g10472/g10473,4
GO:0008654,phospholipid biosynthetic process,4/2797,13/18215,0.126008541927045,0.779386166733942,0.745079747586813,g18780/g555/g9923/g10190,4
GO:0048015,phosphatidylinositol-mediated signaling,6/2797,23/18215,0.129303267078419,0.790011424466923,0.75523731092016,g21879/g12279/g40759/g9324/g6795/g28645,6
GO:0004725,protein tyrosine phosphatase activity,23/2797,118/18215,0.132055796253237,0.797107878588817,0.762021398798007,g21064/g21486/g25153/g38229/g12898/g13255/g34997/g33706/g33973/g7683/g18757/g310/g8717/g9343/g10486/g10789/g10828/g10845/g11293/g5228/g5374/g29749/g28889,23
GO:0008081,phosphoric diester hydrolase activity,15/2797,73/18215,0.142824624900755,0.849664953002012,0.812265056446928,g12417/g27355/g33472/g23463/g40864/g36621/g37953/g3839/g3933/g14143/g14632/g616/g9192/g10245/g28361,15
GO:0008234,cysteine-type peptidase activity,9/2797,40/18215,0.150136740775583,0.849664953002012,0.812265056446928,g38636/g12059/g27632/g27633/g38006/g10610/g31127/g28280/g1870,9
GO:0019898,extrinsic component of membrane,6/2797,24/18215,0.151245103035228,0.849664953002012,0.812265056446928,g15935/g33802/g33973/g41145/g10428/g10999,6
GO:0017048,Rho GTPase binding,5/2797,19/18215,0.15528084428019,0.849664953002012,0.812265056446928,g19369/g4464/g31230/g31518/g1922,5
GO:0045893,positive regulation of transcription, DNA-templated,5/2797,19/18215,0.15528084428019,0.849664953002012,0.812265056446928,g27540/g23462/g18458/g10011/g10412,5
GO:0005764,lysosome,4/2797,14/18215,0.15602629875486,0.849664953002012,0.812265056446928,g21451/g12191/g8768/g8801,4
GO:0006904,vesicle docking involved in exocytosis,4/2797,14/18215,0.15602629875486,0.849664953002012,0.812265056446928,g20789/g23685/g41410/g28029,4
GO:0007218,neuropeptide signaling pathway,4/2797,14/18215,0.15602629875486,0.849664953002012,0.812265056446928,g15941/g26670/g22877/g23077,4
GO:0008013,beta-catenin binding,4/2797,14/18215,0.15602629875486,0.849664953002012,0.812265056446928,g39685/g41121/g9779/g31837,4
GO:0008138,protein tyrosine/serine/threonine phosphatase activity,13/2797,63/18215,0.160499549489456,0.864626605314164,0.826568138287519,g16623/g12898/g34852/g22854/g7683/g8326/g18757/g310/g8717/g10486/g10789/g10828/g5374,13
GO:0008373,sialyltransferase activity,7/2797,30/18215,0.166456206141374,0.88717616251945,0.848125126476205,g21550/g16859/g12184/g27818/g8267/g1331/g5906,7
GO:0005085,guanyl-nucleotide exchange factor activity,18/2797,93/18215,0.175146032453721,0.923664865887517,0.883007698243135,g21344/g38728/g11899/g12432/g13243/g36317/g33141/g34291/g40830/g41247/g41523/g14627/g18620/g418/g616/g8622/g6291/g29657,18
GO:0007268,chemical synaptic transmission,7/2797,31/18215,0.188328241872137,0.937869294566752,0.896586887336637,g13349/g26684/g26685/g27284/g41645/g31008/g28361,7
GO:0042254,ribosome biogenesis,4/2797,15/18215,0.188368129927183,0.937869294566752,0.896586887336637,g34877/g37366/g8859/g2769,4
GO:0006606,protein import into nucleus,3/2797,10/18215,0.189071454593297,0.937869294566752,0.896586887336637,g24922/g13845/g5992,3
GO:0016573,histone acetylation,3/2797,10/18215,0.189071454593297,0.937869294566752,0.896586887336637,g4543/g15269/g5163,3
GO:0043022,ribosome binding,3/2797,10/18215,0.189071454593297,0.937869294566752,0.896586887336637,g20588/g13265/g34508,3
GO:0051225,spindle assembly,3/2797,10/18215,0.189071454593297,0.937869294566752,0.896586887336637,g20722/g7335/g28394,3
GO:0006810,transport,69/2797,407/18215,0.200587588813035,0.942139580178776,0.90066920681026,g19152/g19170/g19800/g20546/g21639/g21663/g21777/g24590/g24892/g38837/g39085/g39208/g39291/g15767/g16198/g16404/g16589/g16992/g12031/g12478/g12731/g13113/g34636/g35254/g26254/g26898/g26952/g33503/g34077/g22284/g41362/g36615/g37535/g37954/g4188/g4664/g13795/g13997/g15132/g7033/g7116/g7117/g7379/g7692/g7694/g8066/g343/g951/g9205/g9239/g9331/g9463/g10690/g10693/g10715/g6350/g6540/g6646/g31392/g31419/g31588/g32101/g29518/g29772/g30241/g1810/g2620/g2845/g3262,69
GO:0070588,calcium ion transmembrane transport,14/2797,72/18215,0.207653415098088,0.942139580178776,0.90066920681026,g21516/g24263/g38252/g38253/g38406/g39534/g35659/g35916/g37394/g37397/g15008/g15238/g8621/g30017,14
GO:0004843,thiol-dependent ubiquitin-specific protease activity,5/2797,21/18215,0.211152055185886,0.942139580178776,0.90066920681026,g21716/g22632/g40666/g37273/g9065,5
GO:0005086,ARF guanyl-nucleotide exchange factor activity,5/2797,21/18215,0.211152055185886,0.942139580178776,0.90066920681026,g38863/g35757/g18678/g189/g355,5
GO:0005452,inorganic anion exchanger activity,5/2797,21/18215,0.211152055185886,0.942139580178776,0.90066920681026,g20546/g12031/g35254/g26254/g4188,5
GO:0032012,regulation of ARF protein signal transduction,5/2797,21/18215,0.211152055185886,0.942139580178776,0.90066920681026,g38863/g35757/g18678/g189/g355,5
GO:0005794,Golgi apparatus,8/2797,38/18215,0.219652501133342,0.942139580178776,0.90066920681026,g21153/g39085/g39208/g12486/g22622/g41814/g28606/g28913,8
GO:0006418,tRNA aminoacylation for protein translation,8/2797,38/18215,0.219652501133342,0.942139580178776,0.90066920681026,g39732/g34856/g34857/g27766/g40858/g37461/g10834/g2882,8
GO:0006364,rRNA processing,4/2797,16/18215,0.222591384932126,0.942139580178776,0.90066920681026,g34174/g40339/g4172/g9912,4
GO:0008217,regulation of blood pressure,4/2797,16/18215,0.222591384932126,0.942139580178776,0.90066920681026,g40439/g9026/g31259/g28080,4
GO:0008484,sulfuric ester hydrolase activity,4/2797,16/18215,0.222591384932126,0.942139580178776,0.90066920681026,g21451/g24737/g9251/g2148,4
GO:0016791,phosphatase activity,26/2797,145/18215,0.223699129597987,0.942139580178776,0.90066920681026,g21064/g21486/g25153/g38229/g16623/g12898/g13255/g34852/g34997/g33706/g33973/g22854/g40983/g36735/g7683/g18757/g310/g8717/g9343/g10486/g10789/g10828/g10845/g5374/g29749/g28889,26
GO:0000139,Golgi membrane,6/2797,27/18215,0.225562019711804,0.942139580178776,0.90066920681026,g17104/g33398/g33439/g23792/g37945/g7222,6
GO:0008236,serine-type peptidase activity,6/2797,27/18215,0.225562019711804,0.942139580178776,0.90066920681026,g39887/g13315/g27299/g22749/g22878/g3759,6
GO:0016740,transferase activity,6/2797,27/18215,0.225562019711804,0.942139580178776,0.90066920681026,g25728/g39742/g16587/g34809/g13831/g1236,6
GO:0000226,microtubule cytoskeleton organization,9/2797,44/18215,0.225737812487657,0.942139580178776,0.90066920681026,g20405/g20622/g16120/g16483/g23664/g7460/g7802/g18161/g9071,9
GO:0005388,calcium transmembrane transporter activity, phosphorylative mechanism,3/2797,11/18215,0.232010276629093,0.942139580178776,0.90066920681026,g38406/g35916/g8621,3
GO:0005815,microtubule organizing center,3/2797,11/18215,0.232010276629093,0.942139580178776,0.90066920681026,g27244/g9038/g10537,3
GO:0006879,cellular iron ion homeostasis,3/2797,11/18215,0.232010276629093,0.942139580178776,0.90066920681026,g16085/g730/g30250,3
GO:0015631,tubulin binding,3/2797,11/18215,0.232010276629093,0.942139580178776,0.90066920681026,g27751/g175/g29478,3
GO:0007264,small GTPase mediated signal transduction,51/2797,300/18215,0.234310313439596,0.942139580178776,0.90066920681026,g20184/g20843/g20941/g21092/g21344/g21560/g24186/g24312/g38246/g38537/g38896/g11748/g11899/g12432/g12771/g35212/g36317/g34097/g34142/g22784/g40830/g41281/g41523/g41831/g37752/g37830/g3835/g4314/g13741/g14130/g14627/g14892/g8002/g8004/g8219/g18427/g312/g418/g616/g1216/g8730/g9663/g10867/g6291/g31283/g31463/g32288/g30196/g30546/g28878/g29019,51
GO:0006139,nucleobase-containing compound metabolic process,7/2797,33/18215,0.235210839579297,0.942139580178776,0.90066920681026,g25230/g39715/g15877/g11686/g9128/g5498/g28702,7
GO:0000287,magnesium ion binding,18/2797,98/18215,0.240190084870746,0.942139580178776,0.90066920681026,g19861/g20279/g39239/g15929/g16805/g12061/g34360/g40521/g40755/g41321/g36577/g7417/g17805/g684/g685/g2281/g2730/g2731,18
GO:0009966,regulation of signal transduction,5/2797,22/18215,0.241191049485808,0.942139580178776,0.90066920681026,g24185/g41254/g41927/g32265/g30255,5
GO:0015914,phospholipid transport,5/2797,22/18215,0.241191049485808,0.942139580178776,0.90066920681026,g12061/g40755/g41321/g2730/g2731,5
GO:0016788,hydrolase activity, acting on ester bonds,8/2797,39/18215,0.241883601086278,0.942139580178776,0.90066920681026,g20836/g20839/g3889/g18356/g1236/g9547/g10598/g29694,8
GO:0005328,neurotransmitter:sodium symporter activity,9/2797,45/18215,0.246570295152396,0.942139580178776,0.90066920681026,g38222/g39618/g35138/g35854/g35855/g27701/g36903/g36906/g14937,9
GO:0035556,intracellular signal transduction,52/2797,308/18215,0.248229101661683,0.942139580178776,0.90066920681026,g19835/g20279/g21132/g22009/g22066/g24506/g24835/g24915/g25577/g25792/g38305/g38728/g16698/g16976/g13032/g13243/g13524/g34924/g27284/g27592/g27799/g32689/g33141/g33349/g33472/g33613/g33670/g41247/g41645/g41934/g3548/g3933/g14130/g14143/g14801/g18353/g18429/g18620/g18940/g357/g616/g1352/g8622/g9115/g10245/g5369/g6292/g30746/g31128/g29657/g28078/g28361,52
GO:0006836,neurotransmitter transport,10/2797,51/18215,0.249866704249452,0.942139580178776,0.90066920681026,g38222/g39618/g35138/g35854/g35855/g27701/g23041/g36903/g36906/g14937,10
GO:0016627,oxidoreductase activity, acting on the CH-CH group of donors,6/2797,28/18215,0.25259951007424,0.942139580178776,0.90066920681026,g24945/g38993/g41424/g18120/g29641/g30020,6
GO:0003684,damaged DNA binding,4/2797,17/18215,0.258248016385666,0.942139580178776,0.90066920681026,g16001/g16059/g4430/g8923,4
GO:0007179,transforming growth factor beta receptor signaling pathway,4/2797,17/18215,0.258248016385666,0.942139580178776,0.90066920681026,g16035/g7311/g8550/g8944,4
GO:0008509,anion transmembrane transporter activity,4/2797,17/18215,0.258248016385666,0.942139580178776,0.90066920681026,g12031/g35254/g26254/g4188,4
GO:0017017,MAP kinase tyrosine/serine/threonine phosphatase activity,4/2797,17/18215,0.258248016385666,0.942139580178776,0.90066920681026,g12898/g34852/g7683/g10789,4
GO:0019752,carboxylic acid metabolic process,4/2797,17/18215,0.258248016385666,0.942139580178776,0.90066920681026,g26077/g39462/g17444/g30223,4
GO:0046856,phosphatidylinositol dephosphorylation,4/2797,17/18215,0.258248016385666,0.942139580178776,0.90066920681026,g41291/g37110/g7332/g29749,4
GO:0004674,protein serine/threonine kinase activity,27/2797,155/18215,0.267655981143365,0.942139580178776,0.90066920681026,g19843/g20279/g20622/g21506/g21866/g24807/g24915/g25881/g38218/g38704/g39543/g12853/g12952/g13243/g36156/g22878/g40521/g36910/g7802/g17608/g360/g8622/g9280/g10048/g10049/g30497/g2166,27
GO:0004435,phosphatidylinositol phospholipase C activity,5/2797,23/18215,0.272270989043416,0.942139580178776,0.90066920681026,g33472/g3933/g616/g10245/g28361,5
GO:0015986,ATP synthesis coupled proton transport,5/2797,23/18215,0.272270989043416,0.942139580178776,0.90066920681026,g13113/g22450/g4046/g9017/g2829,5
GO:0030117,membrane coat,5/2797,23/18215,0.272270989043416,0.942139580178776,0.90066920681026,g16412/g22622/g41362/g41814/g14894,5
GO:0003924,GTPase activity,23/2797,131/18215,0.274874178708599,0.942139580178776,0.90066920681026,g20171/g24796/g39239/g16229/g16781/g11748/g27058/g33090/g41490/g41803/g36943/g4415/g14723/g11455/g5457/g5461/g5558/g31463/g32040/g30196/g30605/g2074/g2075,23
GO:0004177,aminopeptidase activity,3/2797,12/18215,0.276436164244072,0.942139580178776,0.90066920681026,g21748/g16217/g2068,3
GO:0004602,glutathione peroxidase activity,3/2797,12/18215,0.276436164244072,0.942139580178776,0.90066920681026,g12237/g27306/g31831,3
GO:0008137,NADH dehydrogenase (ubiquinone) activity,3/2797,12/18215,0.276436164244072,0.942139580178776,0.90066920681026,g21115/g6604/g2401,3
GO:0016307,phosphatidylinositol phosphate kinase activity,3/2797,12/18215,0.276436164244072,0.942139580178776,0.90066920681026,g41568/g3525/g29776,3
GO:0043065,positive regulation of apoptotic process,3/2797,12/18215,0.276436164244072,0.942139580178776,0.90066920681026,g15521/g9011/g9087,3
GO:0035023,regulation of Rho protein signal transduction,19/2797,107/18215,0.281768109742281,0.953823128249209,0.911838477473244,g38728/g15647/g16698/g13243/g35948/g26409/g33141/g24015/g40024/g41247/g37980/g37981/g18620/g8622/g9115/g31016/g29657/g28548/g1880,19
GO:0004812,aminoacyl-tRNA ligase activity,8/2797,41/18215,0.288356095293466,0.965032678442196,0.922554614331756,g39732/g34856/g34857/g27766/g40858/g37461/g10834/g2882,8
GO:0016579,protein deubiquitination,12/2797,65/18215,0.290503678706982,0.965032678442196,0.922554614331756,g19834/g12582/g32504/g22619/g40666/g41406/g41472/g4800/g13840/g14593/g9065/g28975,12
GO:0006260,DNA replication,11/2797,59/18215,0.290858152584374,0.965032678442196,0.922554614331756,g19954/g20045/g21157/g24940/g25038/g13515/g26573/g41251/g13721/g18781/g28370,11
GO:0006813,potassium ion transport,26/2797,152/18215,0.305979818252225,0.99954570946608,0.955548477375914,g20675/g20949/g25540/g39428/g15767/g35153/g27266/g33104/g34108/g22943/g23311/g23850/g41621/g37009/g13894/g14147/g14263/g7562/g8349/g17551/g17793/g18888/g843/g8968/g29482/g2022,26
GO:0006979,response to oxidative stress,6/2797,30/18215,0.308965331818169,0.99954570946608,0.955548477375914,g19387/g12237/g27306/g9026/g31831/g29774,6
GO:0007015,actin filament organization,6/2797,30/18215,0.308965331818169,0.99954570946608,0.955548477375914,g34974/g31230/g31518/g31837/g31884/g2281,6
GO:0005886,plasma membrane,24/2797,140/18215,0.311424341327816,0.99954570946608,0.955548477375914,g25134/g38504/g15822/g26253/g27059/g27691/g32689/g33310/g41254/g37140/g37143/g18865/g455/g555/g10204/g30802/g30862/g31524/g31525/g31642/g30185/g30196/g30250/g28730,24
GO:0005089,Rho guanyl-nucleotide exchange factor activity,18/2797,103/18215,0.313524730398578,0.99954570946608,0.955548477375914,g38728/g15647/g16698/g13243/g35948/g33141/g24015/g40024/g41247/g37980/g37981/g18620/g8622/g9115/g31016/g29657/g28548/g1880,18
GO:0005249,voltage-gated potassium channel activity,17/2797,97/18215,0.316095897029103,0.99954570946608,0.955548477375914,g20675/g20949/g25540/g39428/g35153/g27266/g22943/g23311/g23850/g41621/g37009/g14147/g17551/g18888/g8968/g29482/g2022,17
GO:0003714,transcription corepressor activity,3/2797,13/18215,0.32156445093918,0.99954570946608,0.955548477375914,g35892/g33113/g5531,3
GO:0007009,plasma membrane organization,3/2797,13/18215,0.32156445093918,0.99954570946608,0.955548477375914,g36052/g23166/g1344,3
GO:0045028,G protein-coupled purinergic nucleotide receptor activity,3/2797,13/18215,0.32156445093918,0.99954570946608,0.955548477375914,g37729/g37982/g31967,3
GO:0019904,protein domain specific binding,4/2797,19/18215,0.332131962586613,0.99954570946608,0.955548477375914,g20713/g39295/g33439/g13913,4
GO:0005667,transcription regulator complex,8/2797,43/18215,0.336788478497263,0.99954570946608,0.955548477375914,g16035/g26699/g41426/g7311/g18665/g8550/g8944/g5228,8
GO:0016746,transferase activity, transferring acyl groups,8/2797,43/18215,0.336788478497263,0.99954570946608,0.955548477375914,g13030/g32962/g40315/g4334/g13699/g17830/g555/g8742,8
GO:0016757,transferase activity, transferring glycosyl groups,7/2797,37/18215,0.337808847286714,0.99954570946608,0.955548477375914,g22083/g24358/g39348/g22653/g40544/g37525/g1241,7
GO:0005216,ion channel activity,44/2797,268/18215,0.338484061372789,0.99954570946608,0.955548477375914,g19170/g20949/g21516/g24263/g24590/g25540/g26028/g38253/g39428/g39534/g11695/g12660/g12952/g35153/g27266/g33781/g33787/g22943/g23311/g23850/g41621/g37535/g37899/g13872/g14147/g15008/g15238/g7116/g7692/g7694/g17551/g17793/g18888/g8968/g5244/g6757/g31588/g29482/g30017/g30517/g30521/g2022/g2620/g2924,44
GO:0016787,hydrolase activity,29/2797,174/18215,0.34576811406051,0.99954570946608,0.955548477375914,g19834/g24623/g38315/g15588/g11636/g11737/g11814/g12359/g35041/g35390/g35484/g35851/g36008/g33143/g33603/g41708/g3889/g14109/g14557/g18951/g10273/g10598/g10660/g10954/g31121/g31381/g32282/g2153/g2439,29
GO:0006811,ion transport,52/2797,320/18215,0.350296481853879,0.99954570946608,0.955548477375914,g19152/g19170/g20949/g21516/g24263/g24590/g25540/g26028/g38253/g39291/g39428/g39534/g11695/g12660/g12952/g34636/g35153/g27266/g33781/g33787/g22943/g23311/g23850/g41621/g37535/g37899/g13872/g14147/g15008/g15238/g7116/g7117/g7692/g7694/g17551/g17793/g17847/g18888/g343/g8968/g9463/g10814/g5244/g6757/g31588/g29482/g29518/g30017/g30517/g30521/g2022/g2620,52
GO:0003713,transcription coactivator activity,7/2797,38/18215,0.364489312547152,0.99954570946608,0.955548477375914,g26530/g26876/g23027/g15269/g9178/g10734/g5454,7
GO:0005911,cell-cell junction,3/2797,14/18215,0.366711219716722,0.99954570946608,0.955548477375914,g20337/g10731/g30802,3
GO:0046488,phosphatidylinositol metabolic process,3/2797,14/18215,0.366711219716722,0.99954570946608,0.955548477375914,g41568/g3525/g29776,3
GO:0003333,amino acid transmembrane transport,5/2797,26/18215,0.369076203672108,0.99954570946608,0.955548477375914,g21199/g16917/g7164/g6487/g28665,5
GO:0015171,amino acid transmembrane transporter activity,5/2797,26/18215,0.369076203672108,0.99954570946608,0.955548477375914,g21199/g16917/g7164/g6487/g28665,5
GO:0016779,nucleotidyltransferase activity,5/2797,26/18215,0.369076203672108,0.99954570946608,0.955548477375914,g12290/g27334/g40483/g36652/g6034,5
GO:0003777,microtubule motor activity,15/2797,88/18215,0.373197338115936,0.99954570946608,0.955548477375914,g39694/g39829/g34824/g35381/g26572/g27128/g27151/g23461/g37997/g3676/g688/g5561/g2507/g2983/g3009,15
GO:0036459,thiol-dependent ubiquitinyl hydrolase activity,10/2797,57/18215,0.376808838885917,0.99954570946608,0.955548477375914,g12582/g32504/g22619/g41406/g41472/g4800/g13840/g14593/g9065/g28975,10
GO:0007155,cell adhesion,38/2797,235/18215,0.391021196129099,0.99954570946608,0.955548477375914,g19710/g21003/g25134/g38504/g38985/g15822/g15886/g16479/g16480/g34445/g35740/g26253/g27059/g27137/g27691/g33310/g41254/g41758/g37140/g37143/g37849/g3539/g3758/g4794/g7410/g18865/g455/g8998/g9649/g6361/g30802/g30862/g31524/g31525/g31837/g30185/g28272/g28730,38
GO:0004970,ionotropic glutamate receptor activity,6/2797,33/18215,0.396458234237948,0.99954570946608,0.955548477375914,g26028/g11695/g37899/g13872/g5244/g6757,6
GO:0043087,regulation of GTPase activity,5/2797,27/18215,0.401693063663085,0.99954570946608,0.955548477375914,g21529/g22016/g35432/g37187/g9087,5
GO:0007018,microtubule-based movement,15/2797,90/18215,0.408483827145693,0.99954570946608,0.955548477375914,g39694/g39829/g34824/g35381/g26572/g27128/g27151/g23461/g37997/g3676/g688/g5561/g2507/g2983/g3009,15
GO:0000049,tRNA binding,3/2797,15/18215,0.411296992164107,0.99954570946608,0.955548477375914,g25405/g34857/g7417,3
GO:0006888,endoplasmic reticulum to Golgi vesicle-mediated transport,3/2797,15/18215,0.411296992164107,0.99954570946608,0.955548477375914,g37945/g7222/g28442,3
GO:0005179,hormone activity,14/2797,84/18215,0.414512889385304,0.99954570946608,0.955548477375914,g38534/g39712/g16438/g32883/g33859/g22540/g23198/g40439/g41049/g4495/g15177/g17723/g31259/g30529,14
GO:0046983,protein dimerization activity,40/2797,250/18215,0.41476025291732,0.99954570946608,0.955548477375914,g21250/g25307/g39020/g39119/g39676/g39794/g15886/g16114/g17111/g35594/g36062/g26428/g26530/g26699/g26846/g27108/g27454/g33481/g23428/g41093/g41267/g41426/g3657/g4024/g4753/g4788/g18665/g383/g549/g919/g1357/g8635/g9668/g10734/g6123/g6276/g6593/g31979/g29881/g30126,40
GO:0030246,carbohydrate binding,9/2797,53/18215,0.428120414439258,0.99954570946608,0.955548477375914,g24822/g12863/g37388/g15215/g9916/g10486/g28461/g28717/g2599,9
GO:0006511,ubiquitin-dependent protein catabolic process,14/2797,85/18215,0.432905321721659,0.99954570946608,0.955548477375914,g16494/g32504/g34013/g22619/g40666/g41406/g41472/g36417/g4800/g13840/g14593/g9065/g6609/g28975,14
GO:0006820,anion transport,5/2797,28/18215,0.434104705747617,0.99954570946608,0.955548477375914,g20546/g12031/g35254/g26254/g4188,5
GO:0008305,integrin complex,5/2797,28/18215,0.434104705747617,0.99954570946608,0.955548477375914,g38985/g35740/g3758/g4794/g8998,5
GO:0006357,regulation of transcription by RNA polymerase II,16/2797,98/18215,0.437027057614684,0.99954570946608,0.955548477375914,g20204/g21047/g39119/g12866/g33177/g41204/g36518/g37791/g3774/g14037/g9178/g9779/g31362/g31472/g31892/g28893,16
GO:0004722,protein serine/threonine phosphatase activity,4/2797,22/18215,0.443639076829727,0.99954570946608,0.955548477375914,g19861/g21713/g36534/g7030,4
GO:0005543,phospholipid binding,4/2797,22/18215,0.443639076829727,0.99954570946608,0.955548477375914,g7508/g18595/g191/g29015,4
GO:0007399,nervous system development,7/2797,41/18215,0.444860590741597,0.99954570946608,0.955548477375914,g34738/g36228/g22200/g4788/g549/g9071/g2727,7
GO:0051726,regulation of cell cycle,6/2797,35/18215,0.454734957262427,0.99954570946608,0.955548477375914,g38281/g35875/g26699/g9624/g9625/g10245,6
GO:0015293,symporter activity,3/2797,16/18215,0.454844439986871,0.99954570946608,0.955548477375914,g15700/g37841/g18468,3
GO:0042310,vasoconstriction,3/2797,16/18215,0.454844439986871,0.99954570946608,0.955548477375914,g9636/g5967/g28080,3
GO:0000276,mitochondrial proton-transporting ATP synthase complex, coupling factor F(o),2/2797,10/18215,0.468749900089419,0.99954570946608,0.955548477375914,g13113/g4046,2
GO:0004383,guanylate cyclase activity,2/2797,10/18215,0.468749900089419,0.99954570946608,0.955548477375914,g33613/g5369,2
GO:0004709,MAP kinase kinase kinase activity,2/2797,10/18215,0.468749900089419,0.99954570946608,0.955548477375914,g27317/g4441,2
GO:0006182,cGMP biosynthetic process,2/2797,10/18215,0.468749900089419,0.99954570946608,0.955548477375914,g33613/g5369,2
GO:0008235,metalloexopeptidase activity,2/2797,10/18215,0.468749900089419,0.99954570946608,0.955548477375914,g16217/g22959,2
GO:0009408,response to heat,2/2797,10/18215,0.468749900089419,0.99954570946608,0.955548477375914,g25273/g15316,2
GO:0030010,establishment of cell polarity,2/2797,10/18215,0.468749900089419,0.99954570946608,0.955548477375914,g20622/g7802,2
GO:0031072,heat shock protein binding,2/2797,10/18215,0.468749900089419,0.99954570946608,0.955548477375914,g25273/g15316,2
GO:0042742,defense response to bacterium,2/2797,10/18215,0.468749900089419,0.99954570946608,0.955548477375914,g11748/g8800,2
GO:0043395,heparan sulfate proteoglycan binding,2/2797,10/18215,0.468749900089419,0.99954570946608,0.955548477375914,g27181/g22440,2
GO:0016459,myosin complex,14/2797,87/18215,0.469614965105024,0.99954570946608,0.955548477375914,g20127/g24956/g16129/g12656/g34374/g22899/g23415/g40892/g41290/g41934/g36708/g4701/g258/g10609,14
GO:0022857,transmembrane transporter activity,11/2797,68/18215,0.476599660127738,0.99954570946608,0.955548477375914,g16510/g16992/g11835/g12669/g12731/g35996/g27057/g33503/g9205/g6540/g6736,11
GO:0005813,centrosome,4/2797,23/18215,0.479716568995266,0.99954570946608,0.955548477375914,g40451/g41891/g37981/g32309,4
GO:0003779,actin binding,25/2797,159/18215,0.482487350236461,0.99954570946608,0.955548477375914,g19369/g20371/g39732/g17074/g17097/g11655/g34617/g35298/g36052/g32540/g33802/g23166/g4464/g13716/g18595/g9178/g10429/g10999/g5517/g5519/g5520/g31230/g31518/g29006/g1922,25
GO:0040007,growth,6/2797,36/18215,0.483401557664974,0.99954570946608,0.955548477375914,g20096/g26771/g4761/g10045/g10243/g30529,6
GO:0003774,motor activity,14/2797,88/18215,0.487856137778635,0.99954570946608,0.955548477375914,g20127/g24956/g16129/g12656/g34374/g22899/g23415/g40892/g41290/g41934/g36708/g4701/g258/g10609,14
GO:0005096,GTPase activator activity,15/2797,95/18215,0.4968422771063,0.99954570946608,0.955548477375914,g19362/g24758/g13243/g34438/g41934/g36887/g37187/g37190/g15327/g418/g8622/g8827/g9087/g32192/g1952,15
GO:0000145,exocyst,3/2797,17/18215,0.496972245044272,0.99954570946608,0.955548477375914,g17115/g26697/g28029,3
GO:0030334,regulation of cell migration,3/2797,17/18215,0.496972245044272,0.99954570946608,0.955548477375914,g14535/g7410/g1274,3
GO:0043066,negative regulation of apoptotic process,3/2797,17/18215,0.496972245044272,0.99954570946608,0.955548477375914,g38218/g14801/g357,3
GO:0035091,phosphatidylinositol binding,10/2797,63/18215,0.508036948274069,0.99954570946608,0.955548477375914,g19951/g21934/g24450/g16499/g34617/g34114/g36669/g6274/g6637/g30418,10
GO:0003682,chromatin binding,4/2797,24/18215,0.514835901511521,0.99954570946608,0.955548477375914,g19887/g13949/g10203/g6642,4
GO:0071805,potassium ion transmembrane transport,4/2797,24/18215,0.514835901511521,0.99954570946608,0.955548477375914,g7687/g18017/g18041/g8968,4
GO:0000775,chromosome, centromeric region,2/2797,11/18215,0.521358705302824,0.99954570946608,0.955548477375914,g35754/g3530,2
GO:0005319,lipid transporter activity,2/2797,11/18215,0.521358705302824,0.99954570946608,0.955548477375914,g35200/g26938,2
GO:0005496,steroid binding,2/2797,11/18215,0.521358705302824,0.99954570946608,0.955548477375914,g7138/g31721,2
GO:0005643,nuclear pore,2/2797,11/18215,0.521358705302824,0.99954570946608,0.955548477375914,g20997/g21777,2
GO:0006479,protein methylation,2/2797,11/18215,0.521358705302824,0.99954570946608,0.955548477375914,g23228/g4431,2
GO:0006839,mitochondrial transport,2/2797,11/18215,0.521358705302824,0.99954570946608,0.955548477375914,g6877/g3234,2
GO:0008299,isoprenoid biosynthetic process,2/2797,11/18215,0.521358705302824,0.99954570946608,0.955548477375914,g34092/g9471,2
GO:0008380,RNA splicing,2/2797,11/18215,0.521358705302824,0.99954570946608,0.955548477375914,g34972/g35168,2
GO:0009072,aromatic amino acid family metabolic process,2/2797,11/18215,0.521358705302824,0.99954570946608,0.955548477375914,g21243/g21244,2
GO:0016525,negative regulation of angiogenesis,2/2797,11/18215,0.521358705302824,0.99954570946608,0.955548477375914,g19710/g9087,2
GO:0030136,clathrin-coated vesicle,2/2797,11/18215,0.521358705302824,0.99954570946608,0.955548477375914,g10693/g29015,2
GO:0030414,peptidase inhibitor activity,2/2797,11/18215,0.521358705302824,0.99954570946608,0.955548477375914,g39737/g34278,2
GO:0043039,tRNA aminoacylation,2/2797,11/18215,0.521358705302824,0.99954570946608,0.955548477375914,g24140/g876,2
GO:0044237,cellular metabolic process,2/2797,11/18215,0.521358705302824,0.99954570946608,0.955548477375914,g24748/g39715,2
GO:0005234,extracellularly glutamate-gated ion channel activity,5/2797,31/18215,0.528239927779419,0.99954570946608,0.955548477375914,g26028/g11695/g37899/g13872/g5244,5
GO:0005507,copper ion binding,5/2797,31/18215,0.528239927779419,0.99954570946608,0.955548477375914,g13579/g23317/g3870/g1448/g9437,5
GO:0016055,Wnt signaling pathway,10/2797,64/18215,0.529313441629043,0.99954570946608,0.955548477375914,g19408/g19409/g34143/g41121/g37649/g9779/g5517/g5519/g5520/g31883,10
GO:0006520,cellular amino acid metabolic process,3/2797,18/18215,0.537386664411865,0.99954570946608,0.955548477375914,g35041/g18550/g359,3
GO:0007010,cytoskeleton organization,6/2797,38/18215,0.539160444316344,0.99954570946608,0.955548477375914,g17059/g35298/g35328/g4464/g17997/g418,6
GO:0005242,inward rectifier potassium channel activity,4/2797,25/18215,0.548809843544727,0.99954570946608,0.955548477375914,g13894/g14263/g8349/g843,4
GO:0006897,endocytosis,4/2797,25/18215,0.548809843544727,0.99954570946608,0.955548477375914,g16985/g40737/g15002/g6791,4
GO:0009116,nucleoside metabolic process,4/2797,25/18215,0.548809843544727,0.99954570946608,0.955548477375914,g15589/g37583/g30236/g2281,4
GO:0045944,positive regulation of transcription by RNA polymerase II,4/2797,25/18215,0.548809843544727,0.99954570946608,0.955548477375914,g21130/g26876/g10203/g6593,4
GO:0030036,actin cytoskeleton organization,9/2797,59/18215,0.564104465327327,0.99954570946608,0.955548477375914,g19369/g12627/g4464/g8717/g8975/g31230/g31518/g29006/g1922,9
GO:0004114,3',5'-cyclic-nucleotide phosphodiesterase activity,6/2797,39/18215,0.56604246838673,0.99954570946608,0.955548477375914,g27355/g40864/g37953/g3839/g14632/g9192,6
GO:0006352,DNA-templated transcription, initiation,6/2797,39/18215,0.56604246838673,0.99954570946608,0.955548477375914,g21058/g33169/g7541/g8064/g8744/g10498,6
GO:0004089,carbonate dehydratase activity,2/2797,12/18215,0.570343213514575,0.99954570946608,0.955548477375914,g39653/g16919,2
GO:0005730,nucleolus,2/2797,12/18215,0.570343213514575,0.99954570946608,0.955548477375914,g26339/g8859,2
GO:0006506,GPI anchor biosynthetic process,2/2797,12/18215,0.570343213514575,0.99954570946608,0.955548477375914,g17220/g733,2
GO:0006807,nitrogen compound metabolic process,2/2797,12/18215,0.570343213514575,0.99954570946608,0.955548477375914,g23420/g6272,2
GO:0006937,regulation of muscle contraction,2/2797,12/18215,0.570343213514575,0.99954570946608,0.955548477375914,g16256/g13701,2
GO:0008641,ubiquitin-like modifier activating enzyme activity,2/2797,12/18215,0.570343213514575,0.99954570946608,0.955548477375914,g19595/g39114,2
GO:0015035,protein disulfide oxidoreductase activity,2/2797,12/18215,0.570343213514575,0.99954570946608,0.955548477375914,g5941/g28662,2
GO:0016831,carboxy-lyase activity,2/2797,12/18215,0.570343213514575,0.99954570946608,0.955548477375914,g39462/g30223,2
GO:0019205,nucleobase-containing compound kinase activity,2/2797,12/18215,0.570343213514575,0.99954570946608,0.955548477375914,g11686/g5498,2
GO:0051087,chaperone binding,2/2797,12/18215,0.570343213514575,0.99954570946608,0.955548477375914,g20627/g27345,2
GO:0008083,growth factor activity,16/2797,106/18215,0.571342367449447,0.99954570946608,0.955548477375914,g20096/g24408/g24877/g16976/g11991/g26771/g34119/g36548/g4761/g7134/g7706/g10045/g10243/g31729/g30529/g2865,16
GO:0051082,unfolded protein binding,7/2797,46/18215,0.573130718335534,0.99954570946608,0.955548477375914,g21073/g25273/g38211/g15316/g7389/g10344/g30752,7
GO:0003887,DNA-directed DNA polymerase activity,3/2797,19/18215,0.575871921004099,0.99954570946608,0.955548477375914,g20045/g12290/g7037,3
GO:0005544,calcium-dependent phospholipid binding,3/2797,19/18215,0.575871921004099,0.99954570946608,0.955548477375914,g15882/g15966/g8301,3
GO:0005829,cytosol,3/2797,19/18215,0.575871921004099,0.99954570946608,0.955548477375914,g19595/g37981/g31837,3
GO:0006099,tricarboxylic acid cycle,3/2797,19/18215,0.575871921004099,0.99954570946608,0.955548477375914,g11728/g13921/g999,3
GO:0016042,lipid catabolic process,3/2797,19/18215,0.575871921004099,0.99954570946608,0.955548477375914,g33143/g10245/g28361,3
GO:0016477,cell migration,3/2797,19/18215,0.575871921004099,0.99954570946608,0.955548477375914,g21997/g35328/g418,3
GO:0030170,pyridoxal phosphate binding,8/2797,53/18215,0.57957041995292,0.99954570946608,0.955548477375914,g20473/g39462/g39742/g34809/g35906/g13831/g14863/g30223,8
GO:0006887,exocytosis,4/2797,26/18215,0.58148868715793,0.99954570946608,0.955548477375914,g20689/g16623/g17115/g26697,4
GO:0005882,intermediate filament,9/2797,61/18215,0.606410185492405,0.99954570946608,0.955548477375914,g24697/g13075/g34856/g35293/g26888/g40556/g11349/g5264/g2272,9
GO:0006338,chromatin remodeling,3/2797,20/18215,0.612280208923352,0.99954570946608,0.955548477375914,g16958/g11897/g41979,3
GO:0007219,Notch signaling pathway,3/2797,20/18215,0.612280208923352,0.99954570946608,0.955548477375914,g16137/g22633/g14663,3
GO:0030154,cell differentiation,3/2797,20/18215,0.612280208923352,0.99954570946608,0.955548477375914,g38825/g39045/g14663,3
GO:0043169,cation binding,3/2797,20/18215,0.612280208923352,0.99954570946608,0.955548477375914,g19861/g36534/g7030,3
GO:0051056,regulation of small GTPase mediated signal transduction,3/2797,20/18215,0.612280208923352,0.99954570946608,0.955548477375914,g19362/g24758/g34438,3
GO:0004298,threonine-type endopeptidase activity,4/2797,27/18215,0.61275749124399,0.99954570946608,0.955548477375914,g16494/g27688/g22788/g5567,4
GO:0005839,proteasome core complex,4/2797,27/18215,0.61275749124399,0.99954570946608,0.955548477375914,g16494/g27688/g22788/g5567,4
GO:0015078,proton transmembrane transporter activity,4/2797,27/18215,0.61275749124399,0.99954570946608,0.955548477375914,g13113/g22450/g4046/g31863,4
GO:0051603,proteolysis involved in cellular protein catabolic process,4/2797,27/18215,0.61275749124399,0.99954570946608,0.955548477375914,g16494/g27688/g22788/g5567,4
GO:0001518,voltage-gated sodium channel complex,2/2797,13/18215,0.61557571580101,0.99954570946608,0.955548477375914,g5266/g30521,2
GO:0001678,cellular glucose homeostasis,2/2797,13/18215,0.61557571580101,0.99954570946608,0.955548477375914,g23673/g5627,2
GO:0003993,acid phosphatase activity,2/2797,13/18215,0.61557571580101,0.99954570946608,0.955548477375914,g24623/g11293,2
GO:0004601,peroxidase activity,2/2797,13/18215,0.61557571580101,0.99954570946608,0.955548477375914,g19387/g9026,2
GO:0010181,FMN binding,2/2797,13/18215,0.61557571580101,0.99954570946608,0.955548477375914,g4932/g6604,2
GO:0030247,polysaccharide binding,2/2797,13/18215,0.61557571580101,0.99954570946608,0.955548477375914,g34989/g8713,2
GO:0031966,mitochondrial membrane,2/2797,13/18215,0.61557571580101,0.99954570946608,0.955548477375914,g6877/g3234,2
GO:0051015,actin filament binding,9/2797,62/18215,0.626773648636695,0.99954570946608,0.955548477375914,g25072/g38398/g12627/g10469/g10471/g10472/g10473/g31837/g28992,9
GO:0016616,oxidoreductase activity, acting on the CH-OH group of donors, NAD or NADP as acceptor,6/2797,42/18215,0.641730392177906,0.99954570946608,0.955548477375914,g26077/g15929/g4530/g17444/g29647/g2711,6
GO:0004181,metallocarboxypeptidase activity,4/2797,28/18215,0.642532955493385,0.99954570946608,0.955548477375914,g21750/g41844/g587/g2440,4
GO:0019001,guanyl nucleotide binding,4/2797,28/18215,0.642532955493385,0.99954570946608,0.955548477375914,g20171/g16781/g41803/g30605,4
GO:0031683,G-protein beta/gamma-subunit complex binding,4/2797,28/18215,0.642532955493385,0.99954570946608,0.955548477375914,g20171/g16781/g41803/g30605,4
GO:0042981,regulation of apoptotic process,14/2797,97/18215,0.642714615619503,0.99954570946608,0.955548477375914,g21036/g21106/g38636/g39119/g13528/g34972/g35168/g27632/g27633/g33547/g23429/g40298/g28534/g2003,14
GO:0004197,cysteine-type endopeptidase activity,3/2797,21/18215,0.646521852979682,0.99954570946608,0.955548477375914,g38636/g27632/g27633,3
GO:0015629,actin cytoskeleton,3/2797,21/18215,0.646521852979682,0.99954570946608,0.955548477375914,g12627/g15357/g31837,3
GO:0016810,hydrolase activity, acting on carbon-nitrogen (but not peptide) bonds,3/2797,21/18215,0.646521852979682,0.99954570946608,0.955548477375914,g23420/g14109/g6272,3
GO:0008152,metabolic process,54/2797,367/18215,0.65688254100588,0.99954570946608,0.955548477375914,g21244/g21451/g24196/g24737/g24945/g25225/g39742/g39857/g15523/g12213/g12852/g13496/g35041/g26725/g27192/g27871/g32962/g33143/g22337/g22720/g23230/g40315/g41437/g36628/g36630/g36652/g36735/g37768/g3775/g4334/g4530/g13831/g13921/g7880/g17747/g17977/g18723/g18941/g330/g546/g555/g999/g1236/g8628/g8742/g8845/g9251/g9466/g9471/g10204/g5825/g30020/g2148/g2153,54
GO:0016051,carbohydrate biosynthetic process,2/2797,14/18215,0.657053131815058,0.99954570946608,0.955548477375914,g21987/g13506,2
GO:0016772,transferase activity, transferring phosphorus-containing groups,2/2797,14/18215,0.657053131815058,0.99954570946608,0.955548477375914,g12002/g31400,2
GO:0031625,ubiquitin protein ligase binding,2/2797,14/18215,0.657053131815058,0.99954570946608,0.955548477375914,g13219/g36417,2
GO:0042803,protein homodimerization activity,2/2797,14/18215,0.657053131815058,0.99954570946608,0.955548477375914,g22843/g4441,2
GO:0046933,proton-transporting ATP synthase activity, rotational mechanism,2/2797,14/18215,0.657053131815058,0.99954570946608,0.955548477375914,g9017/g2829,2
GO:0051301,cell division,2/2797,14/18215,0.657053131815058,0.99954570946608,0.955548477375914,g25384/g8391,2
GO:0052689,carboxylic ester hydrolase activity,2/2797,14/18215,0.657053131815058,0.99954570946608,0.955548477375914,g3715/g30395,2
GO:0007275,multicellular organism development,14/2797,98/18215,0.658399161803679,0.99954570946608,0.955548477375914,g24185/g38825/g39045/g39509/g17168/g34143/g22536/g14663/g17438/g17723/g10412/g5228/g31883/g2611,14
GO:0016491,oxidoreductase activity,49/2797,334/18215,0.660132606656993,0.99954570946608,0.955548477375914,g19496/g19860/g21224/g21658/g25354/g26077/g38896/g39863/g15943/g17253/g12534/g13578/g34878/g35485/g26230/g26677/g32536/g32770/g32844/g32861/g22946/g22948/g23077/g23230/g40446/g41220/g41501/g37576/g37581/g4932/g14211/g14423/g7685/g8002/g17444/g18550/g546/g1236/g1241/g1493/g8806/g9200/g10563/g5579/g31446/g29516/g29989/g2401/g2856,49
GO:0005245,voltage-gated calcium channel activity,5/2797,36/18215,0.666879458716347,0.99954570946608,0.955548477375914,g21516/g24263/g39534/g15008/g15238,5
GO:0008146,sulfotransferase activity,10/2797,71/18215,0.666951619093507,0.99954570946608,0.955548477375914,g20138/g21939/g21987/g17104/g12154/g13506/g23792/g4607/g18389/g11082,10
GO:0005230,extracellular ligand-gated ion channel activity,11/2797,78/18215,0.668411826919051,0.99954570946608,0.955548477375914,g19152/g19170/g24590/g37535/g7116/g7117/g7692/g7694/g343/g31588/g2620,11
GO:0006821,chloride transport,4/2797,29/18215,0.670760102150548,0.99954570946608,0.955548477375914,g19152/g7117/g2594/g2924,4
GO:0004497,monooxygenase activity,3/2797,22/18215,0.678555975529674,0.99954570946608,0.955548477375914,g21243/g21244/g9437,3
GO:0030131,clathrin adaptor complex,3/2797,22/18215,0.678555975529674,0.99954570946608,0.955548477375914,g22622/g14894/g8066,3
GO:0008233,peptidase activity,9/2797,65/18215,0.684308587840312,0.99954570946608,0.955548477375914,g25786/g39509/g12036/g35371/g27835/g22749/g22878/g38006/g7991,9
GO:0050660,flavin adenine dinucleotide binding,7/2797,51/18215,0.685498208349783,0.99954570946608,0.955548477375914,g24945/g39863/g32536/g41501/g37956/g681/g6577,7
GO:0005891,voltage-gated calcium channel complex,5/2797,37/18215,0.691144875401443,0.99954570946608,0.955548477375914,g21516/g24263/g39534/g15008/g15238,5
GO:0003697,single-stranded DNA binding,2/2797,15/18215,0.694861768684435,0.99954570946608,0.955548477375914,g966/g27975,2
GO:0006259,DNA metabolic process,2/2797,15/18215,0.694861768684435,0.99954570946608,0.955548477375914,g966/g28042,2
GO:0019229,regulation of vasoconstriction,2/2797,15/18215,0.694861768684435,0.99954570946608,0.955548477375914,g5967/g31643,2
GO:0019901,protein kinase binding,2/2797,15/18215,0.694861768684435,0.99954570946608,0.955548477375914,g39125/g13265,2
GO:0008543,fibroblast growth factor receptor signaling pathway,4/2797,30/18215,0.697408905512215,0.99954570946608,0.955548477375914,g36548/g7134/g9764/g31729,4
GO:0019888,protein phosphatase regulator activity,3/2797,23/18215,0.708381886509836,0.99954570946608,0.955548477375914,g39732/g9851/g28353,3
GO:0051260,protein homooligomerization,10/2797,74/18215,0.718122613612533,0.99954570946608,0.955548477375914,g20949/g39428/g17261/g35153/g23311/g23850/g36405/g18888/g196/g814,10
GO:0004866,endopeptidase inhibitor activity,2/2797,16/18215,0.729149958498373,0.99954570946608,0.955548477375914,g19613/g28524,2
GO:0006366,transcription by RNA polymerase II,2/2797,16/18215,0.729149958498373,0.99954570946608,0.955548477375914,g15587/g18774,2
GO:0016887,ATPase activity,13/2797,96/18215,0.731108156961229,0.99954570946608,0.955548477375914,g20204/g21663/g24892/g15767/g40958/g41107/g36422/g37997/g3873/g5517/g5519/g5520/g2845,13
GO:0004175,endopeptidase activity,3/2797,24/18215,0.736031312938167,0.99954570946608,0.955548477375914,g16494/g27688/g5567,3
GO:0006310,DNA recombination,3/2797,24/18215,0.736031312938167,0.99954570946608,0.955548477375914,g24697/g15599/g2077,3
GO:0005520,insulin-like growth factor binding,4/2797,32/18215,0.745956379998612,0.99954570946608,0.955548477375914,g11698/g40617/g13790/g6312,4
GO:0009055,electron transfer activity,4/2797,32/18215,0.745956379998612,0.99954570946608,0.955548477375914,g21115/g18886/g5941/g2401,4
GO:0015031,protein transport,6/2797,47/18215,0.748606261164517,0.99954570946608,0.955548477375914,g38896/g22622/g41362/g41814/g14894/g29767,6
GO:0003746,translation elongation factor activity,2/2797,17/18215,0.76010698695892,0.99954570946608,0.955548477375914,g5457/g5461,2
GO:0004993,G protein-coupled serotonin receptor activity,2/2797,17/18215,0.76010698695892,0.99954570946608,0.955548477375914,g9636/g31008,2
GO:0005164,tumor necrosis factor receptor binding,2/2797,17/18215,0.76010698695892,0.99954570946608,0.955548477375914,g13491/g28996,2
GO:0005484,SNAP receptor activity,2/2797,17/18215,0.76010698695892,0.99954570946608,0.955548477375914,g25981/g10443,2
GO:0006414,translational elongation,2/2797,17/18215,0.76010698695892,0.99954570946608,0.955548477375914,g5457/g5461,2
GO:0006633,fatty acid biosynthetic process,2/2797,17/18215,0.76010698695892,0.99954570946608,0.955548477375914,g15943/g9200,2
GO:0006730,one-carbon metabolic process,2/2797,17/18215,0.76010698695892,0.99954570946608,0.955548477375914,g39653/g16919,2
GO:0007034,vacuolar transport,2/2797,17/18215,0.76010698695892,0.99954570946608,0.955548477375914,g26881/g30102,2
GO:0030286,dynein complex,2/2797,17/18215,0.76010698695892,0.99954570946608,0.955548477375914,g12290/g37997,2
GO:0061630,ubiquitin protein ligase activity,2/2797,17/18215,0.76010698695892,0.99954570946608,0.955548477375914,g20204/g7229,2
GO:0005743,mitochondrial inner membrane,3/2797,25/18215,0.761561513309999,0.99954570946608,0.955548477375914,g27253/g6877/g9407,3
GO:0006954,inflammatory response,3/2797,25/18215,0.761561513309999,0.99954570946608,0.955548477375914,g19710/g33547/g9026,3
GO:0042127,regulation of cell population proliferation,3/2797,25/18215,0.761561513309999,0.99954570946608,0.955548477375914,g13716/g10868/g6622,3
GO:0009190,cyclic nucleotide biosynthetic process,4/2797,33/18215,0.767890645274201,0.99954570946608,0.955548477375914,g24835/g32689/g33613/g5369,4
GO:0016849,phosphorus-oxygen lyase activity,4/2797,33/18215,0.767890645274201,0.99954570946608,0.955548477375914,g24835/g32689/g33613/g5369,4
GO:0005783,endoplasmic reticulum,9/2797,71/18215,0.781739700840888,0.99954570946608,0.955548477375914,g38252/g38253/g13219/g35659/g41926/g7035/g183/g8621/g30752,9
GO:0000723,telomere maintenance,3/2797,26/18215,0.785049273242878,0.99954570946608,0.955548477375914,g27397/g34002/g22843,3
GO:0008536,Ran GTPase binding,2/2797,18/18215,0.787947027277301,0.99954570946608,0.955548477375914,g27566/g9126,2
GO:0034314,Arp2/3 complex-mediated actin nucleation,2/2797,18/18215,0.787947027277301,0.99954570946608,0.955548477375914,g15357/g9178,2
GO:0007049,cell cycle,4/2797,34/18215,0.788311998764393,0.99954570946608,0.955548477375914,g19733/g33765/g23881/g8827,4
GO:0016773,phosphotransferase activity, alcohol group as acceptor,3/2797,27/18215,0.806585745992739,0.99954570946608,0.955548477375914,g16248/g36286/g36652,3
GO:0001558,regulation of cell growth,4/2797,35/18215,0.807268848036746,0.99954570946608,0.955548477375914,g11698/g40617/g13790/g6312,4
GO:0005201,extracellular matrix structural constituent,4/2797,35/18215,0.807268848036746,0.99954570946608,0.955548477375914,g24424/g4705/g9037/g1868,4
GO:0000724,double-strand break repair via homologous recombination,1/2797,10/18215,0.811290421874129,0.99954570946608,0.955548477375914,g15599,1
GO:0001609,G protein-coupled adenosine receptor activity,1/2797,10/18215,0.811290421874129,0.99954570946608,0.955548477375914,g34672,1
GO:0001973,G protein-coupled adenosine receptor signaling pathway,1/2797,10/18215,0.811290421874129,0.99954570946608,0.955548477375914,g34672,1
GO:0004016,adenylate cyclase activity,1/2797,10/18215,0.811290421874129,0.99954570946608,0.955548477375914,g32689,1
GO:0004180,carboxypeptidase activity,1/2797,10/18215,0.811290421874129,0.99954570946608,0.955548477375914,g587,1
GO:0005604,basement membrane,1/2797,10/18215,0.811290421874129,0.99954570946608,0.955548477375914,g26487,1
GO:0006024,glycosaminoglycan biosynthetic process,1/2797,10/18215,0.811290421874129,0.99954570946608,0.955548477375914,g5299,1
GO:0006171,cAMP biosynthetic process,1/2797,10/18215,0.811290421874129,0.99954570946608,0.955548477375914,g32689,1
GO:0007188,adenylate cyclase-modulating G protein-coupled receptor signaling pathway,1/2797,10/18215,0.811290421874129,0.99954570946608,0.955548477375914,g16781,1
GO:0007283,spermatogenesis,1/2797,10/18215,0.811290421874129,0.99954570946608,0.955548477375914,g18912,1
GO:0008284,positive regulation of cell population proliferation,1/2797,10/18215,0.811290421874129,0.99954570946608,0.955548477375914,g9764,1
GO:0008440,inositol-1,4,5-trisphosphate 3-kinase activity,1/2797,10/18215,0.811290421874129,0.99954570946608,0.955548477375914,g1219,1
GO:0009117,nucleotide metabolic process,1/2797,10/18215,0.811290421874129,0.99954570946608,0.955548477375914,g16805,1
GO:0015269,calcium-activated potassium channel activity,1/2797,10/18215,0.811290421874129,0.99954570946608,0.955548477375914,g34108,1
GO:0015630,microtubule cytoskeleton,1/2797,10/18215,0.811290421874129,0.99954570946608,0.955548477375914,g7460,1
GO:0015935,small ribosomal subunit,1/2797,10/18215,0.811290421874129,0.99954570946608,0.955548477375914,g36405,1
GO:0016641,oxidoreductase activity, acting on the CH-NH2 group of donors, oxygen as acceptor,1/2797,10/18215,0.811290421874129,0.99954570946608,0.955548477375914,g13579,1
GO:0016763,transferase activity, transferring pentosyl groups,1/2797,10/18215,0.811290421874129,0.99954570946608,0.955548477375914,g29943,1
GO:0016874,ligase activity,1/2797,10/18215,0.811290421874129,0.99954570946608,0.955548477375914,g27766,1
GO:0019905,syntaxin binding,1/2797,10/18215,0.811290421874129,0.99954570946608,0.955548477375914,g23041,1
GO:0032580,Golgi cisterna membrane,1/2797,10/18215,0.811290421874129,0.99954570946608,0.955548477375914,g12361,1
GO:0048038,quinone binding,1/2797,10/18215,0.811290421874129,0.99954570946608,0.955548477375914,g23317,1
GO:0051537,2 iron, 2 sulfur cluster binding,2/2797,19/18215,0.812897039780031,0.99954570946608,0.955548477375914,g12534/g35485,2
GO:0006486,protein glycosylation,9/2797,74/18215,0.821392132717681,0.99954570946608,0.955548477375914,g20136/g21550/g16859/g12184/g27818/g32605/g8267/g1331/g5906,9
GO:0045454,cell redox homeostasis,7/2797,59/18215,0.821495410797313,0.99954570946608,0.955548477375914,g25987/g4448/g7685/g5941/g30177/g28662/g2455,7
GO:0005516,calmodulin binding,4/2797,36/18215,0.824817521701795,0.99954570946608,0.955548477375914,g12146/g34108/g17558/g360,4
GO:0005267,potassium channel activity,3/2797,28/18215,0.826272080852661,0.99954570946608,0.955548477375914,g7687/g18017/g18041,3
GO:0009607,response to biotic stimulus,2/2797,20/18215,0.835187798764107,0.99954570946608,0.955548477375914,g14069/g18937,2
GO:0003729,mRNA binding,1/2797,11/18215,0.84028359353126,0.99954570946608,0.955548477375914,g33495,1
GO:0003810,protein-glutamine gamma-glutamyltransferase activity,1/2797,11/18215,0.84028359353126,0.99954570946608,0.955548477375914,g39820,1
GO:0004697,protein kinase C activity,1/2797,11/18215,0.84028359353126,0.99954570946608,0.955548477375914,g24915,1
GO:0004721,phosphoprotein phosphatase activity,1/2797,11/18215,0.84028359353126,0.99954570946608,0.955548477375914,g19861,1
GO:0004952,dopamine neurotransmitter receptor activity,1/2797,11/18215,0.84028359353126,0.99954570946608,0.955548477375914,g21045,1
GO:0004983,neuropeptide Y receptor activity,1/2797,11/18215,0.84028359353126,0.99954570946608,0.955548477375914,g3160,1
GO:0006367,transcription initiation from RNA polymerase II promoter,1/2797,11/18215,0.84028359353126,0.99954570946608,0.955548477375914,g15233,1
GO:0006885,regulation of pH,1/2797,11/18215,0.84028359353126,0.99954570946608,0.955548477375914,g33249,1
GO:0008283,cell population proliferation,1/2797,11/18215,0.84028359353126,0.99954570946608,0.955548477375914,g9636,1
GO:0008408,3'-5' exonuclease activity,1/2797,11/18215,0.84028359353126,0.99954570946608,0.955548477375914,g39715,1
GO:0015385,sodium:proton antiporter activity,1/2797,11/18215,0.84028359353126,0.99954570946608,0.955548477375914,g33249,1
GO:0016500,protein-hormone receptor activity,1/2797,11/18215,0.84028359353126,0.99954570946608,0.955548477375914,g22893,1
GO:0016817,hydrolase activity, acting on acid anhydrides,1/2797,11/18215,0.84028359353126,0.99954570946608,0.955548477375914,g35886,1
GO:0016868,intramolecular transferase activity, phosphotransferases,1/2797,11/18215,0.84028359353126,0.99954570946608,0.955548477375914,g36577,1
GO:0030833,regulation of actin filament polymerization,1/2797,11/18215,0.84028359353126,0.99954570946608,0.955548477375914,g15357,1
GO:0033179,proton-transporting V-type ATPase, V0 domain,1/2797,11/18215,0.84028359353126,0.99954570946608,0.955548477375914,g31863,1
GO:0045087,innate immune response,1/2797,11/18215,0.84028359353126,0.99954570946608,0.955548477375914,g33547,1
GO:0048268,clathrin coat assembly,1/2797,11/18215,0.84028359353126,0.99954570946608,0.955548477375914,g29015,1
GO:0009058,biosynthetic process,5/2797,45/18215,0.841438272473783,0.99954570946608,0.955548477375914,g39742/g27334/g36652/g13831/g1236,5
GO:0004553,hydrolase activity, hydrolyzing O-glycosyl compounds,6/2797,53/18215,0.843749208894065,0.99954570946608,0.955548477375914,g25315/g36938/g7874/g1077/g31224/g28717,6
GO:0005975,carbohydrate metabolic process,22/2797,171/18215,0.845086250109003,0.99954570946608,0.955548477375914,g19575/g20763/g25315/g26077/g38410/g39348/g17104/g12863/g32536/g23792/g40544/g36577/g36938/g7874/g17444/g17587/g1077/g9916/g31224/g28717/g2599/g2711,22
GO:0006814,sodium ion transport,7/2797,61/18215,0.847102286485176,0.99954570946608,0.955548477375914,g39161/g33104/g33249/g22943/g7562/g5266/g30521,7
GO:0005802,trans-Golgi network,2/2797,21/18215,0.855047372004572,0.99954570946608,0.955548477375914,g11748/g10693,2
GO:0050661,NADP binding,2/2797,21/18215,0.855047372004572,0.99954570946608,0.955548477375914,g39163/g41501,2
GO:0004994,somatostatin receptor activity,1/2797,12/18215,0.864823628078231,0.99954570946608,0.955548477375914,g1114,1
GO:0008253,5'-nucleotidase activity,1/2797,12/18215,0.864823628078231,0.99954570946608,0.955548477375914,g16805,1
GO:0008374,O-acyltransferase activity,1/2797,12/18215,0.864823628078231,0.99954570946608,0.955548477375914,g555,1
GO:0008483,transaminase activity,1/2797,12/18215,0.864823628078231,0.99954570946608,0.955548477375914,g14863,1
GO:0015116,sulfate transmembrane transporter activity,1/2797,12/18215,0.864823628078231,0.99954570946608,0.955548477375914,g35034,1
GO:0016853,isomerase activity,1/2797,12/18215,0.864823628078231,0.99954570946608,0.955548477375914,g17952,1
GO:0042626,ATPase-coupled transmembrane transporter activity,4/2797,39/18215,0.869656273061516,0.99954570946608,0.955548477375914,g21663/g15767/g23478/g2845,4
GO:0005104,fibroblast growth factor receptor binding,2/2797,22/18215,0.872696511652062,0.99954570946608,0.955548477375914,g7134/g31729,2
GO:0005861,troponin complex,2/2797,22/18215,0.872696511652062,0.99954570946608,0.955548477375914,g16256/g13701,2
GO:0006950,response to stress,2/2797,22/18215,0.872696511652062,0.99954570946608,0.955548477375914,g9624/g9625,2
GO:0016702,oxidoreductase activity, acting on single donors with incorporation of molecular oxygen, incorporation of two atoms of oxygen,2/2797,22/18215,0.872696511652062,0.99954570946608,0.955548477375914,g12824/g1891,2
GO:0016747,transferase activity, transferring acyl groups other than amino-acyl groups,2/2797,22/18215,0.872696511652062,0.99954570946608,0.955548477375914,g14091/g18092,2
GO:0004198,calcium-dependent cysteine-type endopeptidase activity,3/2797,31/18215,0.875319430505003,0.99954570946608,0.955548477375914,g14113/g8310/g11166,3
GO:0007411,axon guidance,3/2797,31/18215,0.875319430505003,0.99954570946608,0.955548477375914,g34738/g22200/g7719,3
GO:0022848,acetylcholine-gated cation-selective channel activity,3/2797,31/18215,0.875319430505003,0.99954570946608,0.955548477375914,g24590/g37535/g31588,3
GO:0000159,protein phosphatase type 2A complex,1/2797,13/18215,0.885594287434666,0.99954570946608,0.955548477375914,g28353,1
GO:0001525,angiogenesis,1/2797,13/18215,0.885594287434666,0.99954570946608,0.955548477375914,g333,1
GO:0005247,voltage-gated chloride channel activity,1/2797,13/18215,0.885594287434666,0.99954570946608,0.955548477375914,g2924,1
GO:0007420,brain development,1/2797,13/18215,0.885594287434666,0.99954570946608,0.955548477375914,g10245,1
GO:0007507,heart development,1/2797,13/18215,0.885594287434666,0.99954570946608,0.955548477375914,g7719,1
GO:0008134,transcription factor binding,1/2797,13/18215,0.885594287434666,0.99954570946608,0.955548477375914,g20713,1
GO:0008271,secondary active sulfate transmembrane transporter activity,1/2797,13/18215,0.885594287434666,0.99954570946608,0.955548477375914,g35034,1
GO:0008272,sulfate transport,1/2797,13/18215,0.885594287434666,0.99954570946608,0.955548477375914,g35034,1
GO:0018149,peptide cross-linking,1/2797,13/18215,0.885594287434666,0.99954570946608,0.955548477375914,g39820,1
GO:0030145,manganese ion binding,1/2797,13/18215,0.885594287434666,0.99954570946608,0.955548477375914,g19861,1
GO:0046914,transition metal ion binding,1/2797,13/18215,0.885594287434666,0.99954570946608,0.955548477375914,g6622,1
GO:0098655,cation transmembrane transport,1/2797,13/18215,0.885594287434666,0.99954570946608,0.955548477375914,g12660,1
GO:0004129,cytochrome-c oxidase activity,2/2797,23/18215,0.88834552357037,0.99954570946608,0.955548477375914,g18886/g9775,2
GO:0008289,lipid binding,8/2797,73/18215,0.890531862841779,0.99954570946608,0.955548477375914,g16404/g34077/g14004/g10690/g6350/g6646/g32090/g30241,8
GO:0016192,vesicle-mediated transport,14/2797,119/18215,0.891617923588647,0.99954570946608,0.955548477375914,g20789/g25981/g16412/g17097/g32540/g22622/g23685/g41362/g41410/g41814/g14894/g8066/g10443/g1810,14
GO:0045892,negative regulation of transcription, DNA-templated,3/2797,33/18215,0.900782932016742,0.99954570946608,0.955548477375914,g13476/g35594/g41979,3
GO:0004935,adrenergic receptor activity,1/2797,14/18215,0.903174376328482,0.99954570946608,0.955548477375914,g31643,1
GO:0005834,heterotrimeric G-protein complex,1/2797,14/18215,0.903174376328482,0.99954570946608,0.955548477375914,g27592,1
GO:0005852,eukaryotic translation initiation factor 3 complex,1/2797,14/18215,0.903174376328482,0.99954570946608,0.955548477375914,g32916,1
GO:0008201,heparin binding,1/2797,14/18215,0.903174376328482,0.99954570946608,0.955548477375914,g19710,1
GO:0010468,regulation of gene expression,1/2797,14/18215,0.903174376328482,0.99954570946608,0.955548477375914,g10993,1
GO:0015299,solute:proton antiporter activity,1/2797,14/18215,0.903174376328482,0.99954570946608,0.955548477375914,g33249,1
GO:0003725,double-stranded RNA binding,1/2797,15/18215,0.918053848303057,0.99954570946608,0.955548477375914,g24623,1
GO:0003995,acyl-CoA dehydrogenase activity,1/2797,15/18215,0.918053848303057,0.99954570946608,0.955548477375914,g24945,1
GO:0005694,chromosome,1/2797,15/18215,0.918053848303057,0.99954570946608,0.955548477375914,g15492,1
GO:0005885,Arp2/3 protein complex,1/2797,15/18215,0.918053848303057,0.99954570946608,0.955548477375914,g15357,1
GO:0008324,cation transmembrane transporter activity,1/2797,15/18215,0.918053848303057,0.99954570946608,0.955548477375914,g9591,1
GO:0007166,cell surface receptor signaling pathway,8/2797,77/18215,0.920871389516479,0.99954570946608,0.955548477375914,g21182/g24829/g38755/g26956/g40461/g4201/g8322/g30364,8
GO:0006915,apoptotic process,6/2797,62/18215,0.929739087992673,0.99954570946608,0.955548477375914,g38394/g38636/g16112/g34738/g35444/g36478,6
GO:0045211,postsynaptic membrane,3/2797,36/18215,0.930239748425472,0.99954570946608,0.955548477375914,g24590/g37535/g31588,3
GO:0004675,transmembrane receptor protein serine/threonine kinase activity,1/2797,16/18215,0.930647440956702,0.99954570946608,0.955548477375914,g29468,1
GO:0005741,mitochondrial outer membrane,1/2797,16/18215,0.930647440956702,0.99954570946608,0.955548477375914,g18869,1
GO:0019825,oxygen binding,1/2797,16/18215,0.930647440956702,0.99954570946608,0.955548477375914,g11166,1
GO:0005615,extracellular space,12/2797,111/18215,0.934107116752297,0.99954570946608,0.955548477375914,g19613/g19710/g38478/g32905/g34009/g23673/g4740/g587/g5627/g29618/g28524/g28909,12
GO:0005622,intracellular,45/2797,355/18215,0.934613417642385,0.99954570946608,0.955548477375914,g20371/g20941/g21750/g24507/g24508/g25038/g38246/g39715/g16035/g16062/g17074/g12145/g34877/g35212/g22284/g40666/g37752/g3748/g3835/g4911/g13721/g14113/g15132/g7241/g7311/g7379/g8219/g8310/g312/g1309/g8550/g8944/g9239/g9331/g10693/g10767/g11166/g5825/g6074/g6599/g31283/g31392/g28316/g28370/g1941,45
GO:0016705,oxidoreductase activity, acting on paired donors, with incorporation or reduction of molecular oxygen,10/2797,96/18215,0.93792973852795,0.99954570946608,0.955548477375914,g25354/g16011/g16124/g34359/g40446/g41545/g4179/g15324/g2488/g3057,10
GO:0031012,extracellular matrix,7/2797,72/18215,0.939801091846007,0.99954570946608,0.955548477375914,g12036/g34510/g26935/g23163/g36667/g37101/g13856,7
GO:0008076,voltage-gated potassium channel complex,6/2797,64/18215,0.941875268474783,0.99954570946608,0.955548477375914,g20949/g39428/g35153/g23311/g23850/g18888,6
GO:0016620,oxidoreductase activity, acting on the aldehyde or oxo group of donors, NAD or NADP as acceptor,2/2797,28/18215,0.943031253413084,0.99954570946608,0.955548477375914,g23230/g546,2
GO:0006886,intracellular protein transport,18/2797,160/18215,0.945164342915631,0.99954570946608,0.955548477375914,g25957/g25981/g16412/g27566/g33945/g34114/g22622/g41362/g41814/g36943/g14894/g8002/g8066/g9126/g10443/g31463/g29767/g28442,18
GO:0005125,cytokine activity,1/2797,18/18215,0.950327348275932,0.99954570946608,0.955548477375914,g23939,1
GO:0003678,DNA helicase activity,2/2797,29/18215,0.950350918799024,0.99954570946608,0.955548477375914,g35198/g27397,2
GO:0006464,cellular protein modification process,2/2797,29/18215,0.950350918799024,0.99954570946608,0.955548477375914,g35256/g230,2
GO:0051287,NAD binding,3/2797,39/18215,0.951446641883626,0.99954570946608,0.955548477375914,g15929/g4530/g6604,3
GO:0016567,protein ubiquitination,7/2797,75/18215,0.954281173840243,0.99954570946608,0.955548477375914,g12022/g13528/g26911/g41990/g4539/g14113/g7229,7
GO:0020037,heme binding,13/2797,124/18215,0.954862176862494,0.99954570946608,0.955548477375914,g19387/g25354/g16011/g16124/g32770/g34359/g41545/g4179/g15324/g9026/g11166/g2488/g3057,13
GO:0003743,translation initiation factor activity,2/2797,30/18215,0.95676686695517,0.99954570946608,0.955548477375914,g32916/g9249,2
GO:0006413,translational initiation,1/2797,19/18215,0.957962365414593,0.99954570946608,0.955548477375914,g9249,1
GO:0042613,MHC class II protein complex,1/2797,19/18215,0.957962365414593,0.99954570946608,0.955548477375914,g28507,1
GO:0006812,cation transport,4/2797,50/18215,0.960041668102258,0.99954570946608,0.955548477375914,g12952/g33249/g41107/g9591,4
GO:0007178,transmembrane receptor protein serine/threonine kinase signaling pathway,1/2797,20/18215,0.964424184711987,0.99954570946608,0.955548477375914,g29468,1
GO:0005922,connexin complex,3/2797,42/18215,0.966506163259067,0.99954570946608,0.955548477375914,g11553/g5453/g29559,3
GO:0004888,transmembrane signaling receptor activity,8/2797,87/18215,0.967028774225301,0.99954570946608,0.955548477375914,g24829/g38394/g38755/g26956/g40461/g4201/g9994/g30364,8
GO:0043401,steroid hormone mediated signaling pathway,7/2797,79/18215,0.968705244946866,0.99954570946608,0.955548477375914,g38756/g4906/g4907/g7138/g5585/g31721/g2664,7
GO:0019882,antigen processing and presentation,1/2797,21/18215,0.969893025347358,0.99954570946608,0.955548477375914,g28507,1
GO:0031418,L-ascorbic acid binding,1/2797,21/18215,0.969893025347358,0.99954570946608,0.955548477375914,g40446,1
GO:0004222,metalloendopeptidase activity,13/2797,130/18215,0.971462007533226,0.99954570946608,0.955548477375914,g21472/g16137/g11730/g12036/g34510/g26935/g22633/g22690/g23163/g36569/g36667/g37101/g4172,13
GO:0004386,helicase activity,3/2797,44/18215,0.973966042774664,0.99954570946608,0.955548477375914,g27397/g36911/g17713,3
GO:0017137,Rab GTPase binding,1/2797,22/18215,0.97452143076142,0.99954570946608,0.955548477375914,g13898,1
GO:0030001,metal ion transport,1/2797,23/18215,0.978438517451922,0.99954570946608,0.955548477375914,g11442,1
GO:0005506,iron ion binding,14/2797,142/18215,0.978967899576921,0.99954570946608,0.955548477375914,g21243/g21244/g25354/g15943/g16011/g16124/g34359/g40446/g41545/g4179/g15324/g9200/g2488/g3057,14
GO:0003707,steroid hormone receptor activity,6/2797,75/18215,0.980803810669571,0.99954570946608,0.955548477375914,g38756/g4907/g7138/g5585/g31721/g2664,6
GO:0005198,structural molecule activity,16/2797,160/18215,0.981703146912904,0.99954570946608,0.955548477375914,g24697/g12665/g13075/g34856/g35293/g26888/g33802/g40556/g36555/g14735/g7250/g10429/g11349/g5264/g31837/g2272,16
GO:0006869,lipid transport,1/2797,24/18215,0.981753571689333,0.99954570946608,0.955548477375914,g35200,1
GO:0007596,blood coagulation,1/2797,24/18215,0.981753571689333,0.99954570946608,0.955548477375914,g15886,1
GO:0008285,negative regulation of cell population proliferation,1/2797,24/18215,0.981753571689333,0.99954570946608,0.955548477375914,g9087,1
GO:0006334,nucleosome assembly,3/2797,47/18215,0.982265975201355,0.99954570946608,0.955548477375914,g21058/g12463/g798,3
GO:0005044,scavenger receptor activity,5/2797,67/18215,0.98320088038837,0.99954570946608,0.955548477375914,g13579/g34989/g18328/g8713/g3071,5
GO:0006096,glycolytic process,2/2797,37/18215,0.983918140405614,0.99954570946608,0.955548477375914,g34360/g31609,2
GO:0007154,cell communication,5/2797,68/18215,0.984988546887927,0.99954570946608,0.955548477375914,g17470/g11553/g5453/g29559/g28360,5
GO:0051536,iron-sulfur cluster binding,1/2797,26/18215,0.986933377515943,0.99954570946608,0.955548477375914,g2401,1
GO:0007605,sensory perception of sound,1/2797,28/18215,0.990643111200666,0.99954570946608,0.955548477375914,g37113,1
GO:0003950,NAD+ ADP-ribosyltransferase activity,1/2797,29/18215,0.992082118072153,0.99954570946608,0.955548477375914,g3596,1
GO:0004252,serine-type endopeptidase activity,17/2797,180/18215,0.992734539248302,0.99954570946608,0.955548477375914,g19873/g20553/g24945/g15702/g12497/g12825/g27170/g33240/g34153/g23229/g41470/g41956/g36555/g14615/g18328/g29910/g3071,17
GO:0008237,metallopeptidase activity,12/2797,138/18215,0.992815247075706,0.99954570946608,0.955548477375914,g21748/g16137/g11730/g12036/g34510/g35041/g26935/g22633/g23163/g36569/g36667/g37101,12
GO:0004842,ubiquitin-protein transferase activity,11/2797,130/18215,0.993244273779593,0.99954570946608,0.955548477375914,g12022/g13528/g34756/g26911/g27804/g40958/g4139/g14113/g7229/g8322/g29374,11
GO:0005789,endoplasmic reticulum membrane,1/2797,30/18215,0.993299885352049,0.99954570946608,0.955548477375914,g33398,1
GO:0005923,bicellular tight junction,5/2797,75/18215,0.993301639753485,0.99954570946608,0.955548477375914,g12665/g40906/g36555/g14735/g7250,5
GO:0005576,extracellular region,39/2797,362/18215,0.995592247489977,0.99954570946608,0.955548477375914,g19613/g19710/g38534/g39212/g39712/g39737/g16298/g16438/g16518/g17168/g11698/g12389/g32883/g33859/g34009/g34143/g34153/g34278/g22540/g23198/g23939/g40439/g40617/g41049/g4284/g4495/g13790/g13856/g14892/g15177/g7134/g17723/g5967/g6312/g31259/g31729/g31883/g30529/g28524,39
GO:0007601,visual perception,4/2797,69/18215,0.995974500534475,0.99954570946608,0.955548477375914,g39353/g35635/g23317/g1868,4
GO:0046982,protein heterodimerization activity,11/2797,139/18215,0.997137410569552,0.99954570946608,0.955548477375914,g21058/g21234/g24730/g33169/g7541/g8053/g8058/g8064/g18774/g804/g28933,11
GO:0005102,signaling receptor binding,2/2797,49/18215,0.99722268846243,0.99954570946608,0.955548477375914,g34143/g31883,2
GO:0006955,immune response,9/2797,124/18215,0.997956540861381,0.99954570946608,0.955548477375914,g21182/g25728/g38394/g13491/g34989/g8713/g10199/g28507/g28996,9
GO:0006412,translation,9/2797,125/18215,0.998161110791026,0.99954570946608,0.955548477375914,g19383/g25874/g26646/g27794/g36405/g6864/g7241/g5825/g6599,9
GO:0016758,transferase activity, transferring hexosyl groups,2/2797,58/18215,0.999281280106721,0.99954570946608,0.955548477375914,g25225/g38410,2
GO:0003735,structural constituent of ribosome,8/2797,126/18215,0.999429002036382,0.99954570946608,0.955548477375914,g25874/g27794/g36405/g37808/g6864/g7241/g5825/g6599,8
GO:0005840,ribosome,7/2797,116/18215,0.999431050235372,0.99954570946608,0.955548477375914,g25874/g27794/g36405/g6864/g7241/g5825/g6599,7
GO:0000786,nucleosome,8/2797,128/18215,0.99954570946608,0.99954570946608,0.955548477375914,g21058/g21234/g12463/g8053/g8058/g798/g804/g28933,8
